<?xml version="1.0" encoding="UTF-8" standalone="yes"?>
<OfficeApp xmlns="http://schemas.microsoft.com/office/appforoffice/1.1" xmlns:xsi="http://www.w3.org/2001/XMLSchema-instance" xmlns:bt="http://schemas.microsoft.com/office/officeappbasictypes/1.0" xmlns:mailappor="http://schemas.microsoft.com/office/mailappversionoverrides/1.0" xsi:type="MailApp">
  <Id>c5549a21-aefb-4ba8-ae7c-b77bceab4023</Id>
  <Version>2.0.1</Version>
  <ProviderName>Odoo</ProviderName>
  <DefaultLocale>en-US</DefaultLocale>
  <DisplayName DefaultValue="Odoo for Outlook"/>
  <Description DefaultValue="Odoo for Outlook."/>
  <IconUrl DefaultValue="https://localhost:3000/assets/odoo-64.png"/>
  <HighResolutionIconUrl DefaultValue="https://localhost:3000/assets/odoo-128.png"/>
  <SupportUrl DefaultValue="https://www.odoo.com/help"/>
  <AppDomains>
    <AppDomain>https://localhost:3000</AppDomain>
  </AppDomains>
  <Hosts>
    <Host Name="Mailbox"/>
  </Hosts>
  <Requirements>
    <Sets>
      <Set Name="Mailbox" MinVersion="1.1"/>
    </Sets>
  </Requirements>
  <FormSettings>
    <Form xsi:type="ItemRead">
      <DesktopSettings>
        <SourceLocation DefaultValue="https://localhost:3000/taskpane.html"/>
        <RequestedHeight>250</RequestedHeight>
      </DesktopSettings>
    </Form>
  </FormSettings>
  <Permissions>ReadWriteItem</Permissions>
  <Rule xsi:type="RuleCollection" Mode="Or">
    <Rule xsi:type="ItemIs" ItemType="Message" FormType="Read"/>
  </Rule>
  <DisableEntityHighlighting>false</DisableEntityHighlighting>
  <VersionOverrides xmlns="http://schemas.microsoft.com/office/mailappversionoverrides" xsi:type="VersionOverridesV1_0">
    <Requirements>
      <bt:Sets DefaultMinVersion="1.3">
        <bt:Set Name="Mailbox"/>
      </bt:Sets>
    </Requirements>
    <Hosts>
      <Host xsi:type="MailHost">
        <DesktopFormFactor>
          <FunctionFile resid="Commands.Url"/>
          <ExtensionPoint xsi:type="MessageReadCommandSurface">
            <OfficeTab id="TabDefault">
              <Group id="msgReadGroup">
                <Label resid="GroupLabel"/>
                <Control xsi:type="Button" id="msgReadOpenPaneButton">
                  <Label resid="TaskpaneButton.Label"/>
                  <Supertip>
                    <Title resid="TaskpaneButton.Label"/>
                    <Description resid="TaskpaneButton.Tooltip"/>
                  </Supertip>
                  <Icon>
                    <bt:Image size="16" resid="Icon.16x16"/>
                    <bt:Image size="32" resid="Icon.32x32"/>
                    <bt:Image size="64" resid="Icon.64x64"/>
                    <bt:Image size="80" resid="Icon.80x80"/>
                    <bt:Image size="128" resid="Icon.128x128"/>
                  </Icon>
                  <Action xsi:type="ShowTaskpane">
                    <SourceLocation resid="Taskpane.Url"/>
                  </Action>
                </Control>
              </Group>
            </OfficeTab>
          </ExtensionPoint>
        </DesktopFormFactor>
      </Host>
    </Hosts>
    <Resources>
      <bt:Images>
        <bt:Image id="Icon.16x16" DefaultValue="https://localhost:3000/assets/odoo-16.png"/>
        <bt:Image id="Icon.32x32" DefaultValue="https://localhost:3000/assets/odoo-32.png"/>
        <bt:Image id="Icon.64x64" DefaultValue="https://localhost:3000/assets/odoo-64.png"/>
        <bt:Image id="Icon.80x80" DefaultValue="https://localhost:3000/assets/odoo-80.png"/>
        <bt:Image id="Icon.128x128" DefaultValue="https://localhost:3000/assets/odoo-128.png"/>
      </bt:Images>
      <bt:Urls>
        <bt:Url id="Taskpane.Url" DefaultValue="https://localhost:3000/taskpane.html"/>
      </bt:Urls>
      <bt:ShortStrings>
        <bt:String id="GroupLabel" DefaultValue="Odoo for Outlook"/>
        <bt:String id="TaskpaneButton.Label" DefaultValue="Open contact profile"/>
      </bt:ShortStrings>
      <bt:LongStrings>
        <bt:String id="TaskpaneButton.Tooltip" DefaultValue="Opens a pane displaying all available options."/>
      </bt:LongStrings>
    </Resources>
    <VersionOverrides xmlns="http://schemas.microsoft.com/office/mailappversionoverrides/1.1" xsi:type="VersionOverridesV1_1">
      <Requirements>
        <bt:Sets DefaultMinVersion="1.3">
          <bt:Set Name="Mailbox"/>
        </bt:Sets>
      </Requirements>
      <Hosts>
        <Host xsi:type="MailHost">
          <DesktopFormFactor>
            <FunctionFile resid="Commands.Url"/>
            <ExtensionPoint xsi:type="MessageReadCommandSurface">
              <OfficeTab id="TabDefault">
                <Group id="msgReadGroup">
                  <Label resid="GroupLabel"/>
                  <Control xsi:type="Button" id="msgReadOpenPaneButton">
                    <Label resid="TaskpaneButton.Label"/>
                    <Supertip>
                      <Title resid="TaskpaneButton.Label"/>
                      <Description resid="TaskpaneButton.Tooltip"/>
                    </Supertip>
                    <Icon>
                      <bt:Image size="16" resid="Icon.16x16"/>
                      <bt:Image size="32" resid="Icon.32x32"/>
                      <bt:Image size="64" resid="Icon.64x64"/>
                      <bt:Image size="80" resid="Icon.80x80"/>
                      <bt:Image size="128" resid="Icon.128x128"/>
                    </Icon>
                    <Action xsi:type="ShowTaskpane">
                      <SourceLocation resid="Taskpane.Url"/>
                      <SupportsPinning>true</SupportsPinning>
                    </Action>
                  </Control>
                </Group>
              </OfficeTab>
            </ExtensionPoint>
          </DesktopFormFactor>
        </Host>
      </Hosts>
      <Resources>
        <bt:Images>
          <bt:Image id="Icon.16x16" DefaultValue="https://localhost:3000/assets/odoo-16.png"/>
          <bt:Image id="Icon.32x32" DefaultValue="https://localhost:3000/assets/odoo-32.png"/>
          <bt:Image id="Icon.64x64" DefaultValue="https://localhost:3000/assets/odoo-64.png"/>
          <bt:Image id="Icon.80x80" DefaultValue="https://localhost:3000/assets/odoo-80.png"/>
          <bt:Image id="Icon.128x128" DefaultValue="https://localhost:3000/assets/odoo-128.png"/>
        </bt:Images>
        <bt:Urls>
          <bt:Url id="Taskpane.Url" DefaultValue="https://localhost:3000/taskpane.html"/>
        </bt:Urls>
        <bt:ShortStrings>
          <bt:String id="GroupLabel" DefaultValue="Odoo for Outlook"/>
          <bt:String id="TaskpaneButton.Label" DefaultValue="Open sender profile"/>
        </bt:ShortStrings>
        <bt:LongStrings>
          <bt:String id="TaskpaneButton.Tooltip" DefaultValue="Opens a pane displaying all available options."/>
        </bt:LongStrings>
      </Resources>
    </VersionOverrides>
  </VersionOverrides>
</OfficeApp>