{
  "oauthScopes": [
    "https://www.googleapis.com/auth/userinfo.email",
    "https://www.googleapis.com/auth/gmail.addons.execute",
    "https://www.googleapis.com/auth/gmail.addons.current.message.readonly",
    "https://www.googleapis.com/auth/script.external_request"
  ],
  "gmail": {
    "name": "Odoo",
    "logoUrl": "https://raw.githubusercontent.com/odoo/mail-client-extensions/master/outlook/assets/odoo.png",
    "contextualTriggers": [
      {
        "unconditional": {},
        "onTriggerFunction": "onGmailMessageOpen"
      }
    ],
    "primaryColor": "#875A7B",
    "secondaryColor": "#00A09D",
    "openLinkUrlPrefixes": ["*"]
  },
  "urlFetchWhitelist": [
    "https://*.odoo.com/mail_plugin/get_translations",
    "https://*.odoo.com/mail_plugin/partner/get",
    "https://*.odoo.com/mail_plugin/log_mail_content",
    "https://*.odoo.com/mail_plugin/partner/search",
    "https://*.odoo.com/mail_plugin/partner/create",
    "https://*.odoo.com/mail_plugin/partner/enrich_and_create_company",
    "https://*.odoo.com/mail_plugin/partner/enrich_and_update_company",
    "https://*.odoo.com/mail_plugin/lead/create",
    "https://*.odoo.com/mail_plugin/ticket/create",
    "https://*.odoo.com/mail_plugin/project/search",
    "https://*.odoo.com/mail_plugin/project/create",
    "https://*.odoo.com/mail_plugin/task/create",
    "https://*.odoo.com/web/login",
    "https://*.odoo.com/mail_plugin/auth",
    "https://*.odoo.com/mail_plugin/auth/access_token",
    "https://odoo.com/mail_plugin/get_translations",
    "https://odoo.com/mail_plugin/partner/get",
    "https://odoo.com/mail_plugin/log_mail_content",
    "https://odoo.com/mail_plugin/partner/search",
    "https://odoo.com/mail_plugin/partner/create",
    "https://odoo.com/mail_plugin/partner/enrich_and_create_company",
    "https://odoo.com/mail_plugin/partner/enrich_and_update_company",
    "https://odoo.com/mail_plugin/lead/create",
    "https://odoo.com/mail_plugin/ticket/create",
    "https://odoo.com/mail_plugin/project/search",
    "https://odoo.com/mail_plugin/project/create",
    "https://odoo.com/mail_plugin/task/create",
    "https://odoo.com/web/login",
    "https://odoo.com/mail_plugin/auth",
    "https://odoo.com/mail_plugin/auth/access_token",
    "https://iap-services.odoo.com/iap/mail_extension/enrich"
  ]
}
